[
    {
        "filename": "image.zip",
        "type": "zip"
    },
    {
        "image": "eye1.jpg",
        "result": "Open Eyes \ud83d\udc41\ufe0f",
        "saved_to": "D:\\GopalTechpixe\\eye_classification\\good_images\\205c7329e5dc49e8b7e5c13e589ba290_eye1.jpg"
    },
    {
        "image": "eye2.jpg",
        "result": "Open Eyes \ud83d\udc41\ufe0f",
        "saved_to": "D:\\GopalTechpixe\\eye_classification\\good_images\\ac031d1e9973465a8349358f78df7869_eye2.jpg"
    },
    {
        "image": "eye3.jpg",
        "result": "Open Eyes \ud83d\udc41\ufe0f",
        "saved_to": "D:\\GopalTechpixe\\eye_classification\\good_images\\0fc09d5960064d0db48cb679b11afa38_eye3.jpg"
    },
    {
        "image": "eye4.jpg",
        "result": "Closed Eyes \ud83d\ude34",
        "saved_to": "D:\\GopalTechpixe\\eye_classification\\bad_images\\4843999f1be341498cfd0c923f259966_eye4.jpg"
    },
    {
        "image": "image-bbf029d (1).jpg",
        "result": "Closed Eyes \ud83d\ude34",
        "saved_to": "D:\\GopalTechpixe\\eye_classification\\bad_images\\ef967394d0bb4b5d870db7b434058ad6_image-bbf029d (1).jpg"
    },
    {
        "image": "image-bbf029d (2).jpg",
        "result": "Closed Eyes \ud83d\ude34",
        "saved_to": "D:\\GopalTechpixe\\eye_classification\\bad_images\\362759d4cbb3480faa708a2ce101d53c_image-bbf029d (2).jpg"
    },
    {
        "image": "image-bbf029d.jpg",
        "result": "Closed Eyes \ud83d\ude34",
        "saved_to": "D:\\GopalTechpixe\\eye_classification\\bad_images\\79ccd2d4ea6343eab79024f9f00119b4_image-bbf029d.jpg"
    }
]